{
  "overall": {
    "accuracy": 0.8012,
    "precision_macro": 0.8063119670421575,
    "precision_weighted": 0.8063119670421575,
    "recall_macro": 0.8012,
    "recall_weighted": 0.8012,
    "f1_macro": 0.801260692957342,
    "f1_weighted": 0.8012606929573419
  },
  "per_class": {
    "airplane": {
      "precision": 0.81985670419652,
      "recall": 0.801,
      "f1": 0.8103186646433991
    },
    "automobile": {
      "precision": 0.885685884691849,
      "recall": 0.891,
      "f1": 0.8883349950149552
    },
    "bird": {
      "precision": 0.6623690572119258,
      "recall": 0.822,
      "f1": 0.7336010709504686
    },
    "cat": {
      "precision": 0.7116430903155604,
      "recall": 0.654,
      "f1": 0.6816050026055237
    },
    "deer": {
      "precision": 0.8105975197294251,
      "recall": 0.719,
      "f1": 0.7620561738208798
    },
    "dog": {
      "precision": 0.7534930139720559,
      "recall": 0.755,
      "f1": 0.7542457542457542
    },
    "frog": {
      "precision": 0.7947794779477948,
      "recall": 0.883,
      "f1": 0.8365703458076741
    },
    "horse": {
      "precision": 0.8921800947867299,
      "recall": 0.753,
      "f1": 0.8167028199566161
    },
    "ship": {
      "precision": 0.8161231884057971,
      "recall": 0.901,
      "f1": 0.8564638783269962
    },
    "truck": {
      "precision": 0.9163916391639164,
      "recall": 0.833,
      "f1": 0.8727082242011525
    }
  },
  "confusion_matrix": [
    [
      801,
      9,
      58,
      7,
      7,
      3,
      9,
      4,
      91,
      11
    ],
    [
      18,
      891,
      7,
      6,
      1,
      2,
      5,
      4,
      23,
      43
    ],
    [
      28,
      1,
      822,
      33,
      37,
      19,
      44,
      6,
      7,
      3
    ],
    [
      17,
      2,
      72,
      654,
      21,
      131,
      70,
      12,
      15,
      6
    ],
    [
      10,
      3,
      104,
      35,
      719,
      27,
      53,
      36,
      12,
      1
    ],
    [
      5,
      2,
      47,
      109,
      23,
      755,
      32,
      22,
      4,
      1
    ],
    [
      4,
      3,
      45,
      24,
      18,
      16,
      883,
      2,
      5,
      0
    ],
    [
      16,
      7,
      62,
      36,
      57,
      45,
      10,
      753,
      9,
      5
    ],
    [
      47,
      16,
      18,
      6,
      3,
      0,
      3,
      0,
      901,
      6
    ],
    [
      31,
      72,
      6,
      9,
      1,
      4,
      2,
      5,
      37,
      833
    ]
  ],
  "classes": [
    "airplane",
    "automobile",
    "bird",
    "cat",
    "deer",
    "dog",
    "frog",
    "horse",
    "ship",
    "truck"
  ]
}